<xml xmlns:o="urn:schemas-microsoft-com:office:office">
 <o:MainFile HRef="../a03.htm"/>
 <o:File HRef="image001.wmz"/>
 <o:File HRef="image002.gif"/>
 <o:File HRef="oledata.mso"/>
 <o:File HRef="image003.wmz"/>
 <o:File HRef="image004.gif"/>
 <o:File HRef="image005.wmz"/>
 <o:File HRef="image006.gif"/>
 <o:File HRef="image007.wmz"/>
 <o:File HRef="image008.gif"/>
 <o:File HRef="image009.wmz"/>
 <o:File HRef="image010.gif"/>
 <o:File HRef="image011.wmz"/>
 <o:File HRef="image012.gif"/>
 <o:File HRef="image013.wmz"/>
 <o:File HRef="image014.gif"/>
 <o:File HRef="image015.wmz"/>
 <o:File HRef="image016.gif"/>
 <o:File HRef="image017.wmz"/>
 <o:File HRef="image018.gif"/>
 <o:File HRef="image019.wmz"/>
 <o:File HRef="image020.gif"/>
 <o:File HRef="image021.wmz"/>
 <o:File HRef="image022.wmz"/>
 <o:File HRef="image023.gif"/>
 <o:File HRef="image024.wmz"/>
 <o:File HRef="image025.gif"/>
 <o:File HRef="image026.wmz"/>
 <o:File HRef="image027.gif"/>
 <o:File HRef="image028.wmz"/>
 <o:File HRef="image029.wmz"/>
 <o:File HRef="image030.wmz"/>
 <o:File HRef="image031.gif"/>
 <o:File HRef="image032.wmz"/>
 <o:File HRef="image033.gif"/>
 <o:File HRef="image034.wmz"/>
 <o:File HRef="image035.gif"/>
 <o:File HRef="header.htm"/>
 <o:File HRef="filelist.xml"/>
</xml>