<xml xmlns:o="urn:schemas-microsoft-com:office:office">
 <o:MainFile HRef="../a07.htm"/>
 <o:File HRef="image001.jpg"/>
 <o:File HRef="image002.jpg"/>
 <o:File HRef="image003.jpg"/>
 <o:File HRef="image004.wmz"/>
 <o:File HRef="image005.gif"/>
 <o:File HRef="oledata.mso"/>
 <o:File HRef="image006.wmz"/>
 <o:File HRef="image007.gif"/>
 <o:File HRef="image008.wmz"/>
 <o:File HRef="image009.gif"/>
 <o:File HRef="image010.wmz"/>
 <o:File HRef="image011.gif"/>
 <o:File HRef="image012.wmz"/>
 <o:File HRef="image013.gif"/>
 <o:File HRef="image014.png"/>
 <o:File HRef="image015.jpg"/>
 <o:File HRef="image016.wmz"/>
 <o:File HRef="image017.gif"/>
 <o:File HRef="image018.wmz"/>
 <o:File HRef="image019.gif"/>
 <o:File HRef="image020.wmz"/>
 <o:File HRef="image021.gif"/>
 <o:File HRef="image022.wmz"/>
 <o:File HRef="image023.gif"/>
 <o:File HRef="image024.wmz"/>
 <o:File HRef="image025.gif"/>
 <o:File HRef="image026.wmz"/>
 <o:File HRef="image027.gif"/>
 <o:File HRef="image028.wmz"/>
 <o:File HRef="image029.gif"/>
 <o:File HRef="image030.wmz"/>
 <o:File HRef="image031.gif"/>
 <o:File HRef="image032.wmz"/>
 <o:File HRef="image033.gif"/>
 <o:File HRef="image034.wmz"/>
 <o:File HRef="image035.gif"/>
 <o:File HRef="image036.wmz"/>
 <o:File HRef="image037.gif"/>
 <o:File HRef="header.htm"/>
 <o:File HRef="filelist.xml"/>
</xml>