<xml xmlns:o="urn:schemas-microsoft-com:office:office">
 <o:MainFile HRef="../a06.htm"/>
 <o:File HRef="image001.gif"/>
 <o:File HRef="image002.wmz"/>
 <o:File HRef="image003.gif"/>
 <o:File HRef="oledata.mso"/>
 <o:File HRef="image004.wmz"/>
 <o:File HRef="image005.gif"/>
 <o:File HRef="image006.wmz"/>
 <o:File HRef="image007.gif"/>
 <o:File HRef="image008.jpg"/>
 <o:File HRef="image009.jpg"/>
 <o:File HRef="image010.wmz"/>
 <o:File HRef="image011.gif"/>
 <o:File HRef="image012.jpg"/>
 <o:File HRef="image013.jpg"/>
 <o:File HRef="image014.wmz"/>
 <o:File HRef="image015.gif"/>
 <o:File HRef="image016.wmz"/>
 <o:File HRef="image017.gif"/>
 <o:File HRef="image018.wmz"/>
 <o:File HRef="image019.gif"/>
 <o:File HRef="image020.wmz"/>
 <o:File HRef="image021.gif"/>
 <o:File HRef="header.htm"/>
 <o:File HRef="filelist.xml"/>
</xml>